productId,name,price,stock,minStock
P001,Chuot khong day Logitech M331,350000,45,10
P002,Ban phim co Akko 3087,1250000,18,5
P003,Tai nghe chup tai Sony WH-1000XM5,6500000,12,3
P004,Lot chuot Gaming RGB Size XL,180000,85,15
P005,Gia do Laptop Hop kim Nillkin,450000,28,8
P006,Day cap Type-C to Type-C 100W,120000,150,20
P007,Sac du phong Anker 20000mAh,890000,35,5
P008,Loa Bluetooth JBL Flip 6,2400000,10,3
P009,Camera An ninh Ezviz C6N 1080P,550000,4,5
P010,O cung SSD Kingston NV2 1TB,1450000,2,5
P011,Ram DDR4 Kingston Fury Beast 16GB,950000,0,5
P012,Man hinh Dell Ultrasharp U2422H,5800000,8,2
